# --- !Ups

INSERT INTO treatmenttype(treatment_type_id, name, syndrome_syndrome_id)
    VALUES (1, 'Антигістамінні ', 1),(2, 'Глюкокортикостероїди ', 1),(3, 'CIT терапія ', 1);

INSERT INTO medication(
            medication_id, name, treatmenttype_treatment_type_id)
    VALUES (1, '1', 1), (2, '2', 1),(3, '3', 1),
    (4, 'Стабілізатори мембран тканих та циркулюючих базофілів', 1),
    (5, 'Антагоністи лейкотрієнових рецепторів', 1),(6, 'В2 адренорецептори', 1),
    (7, 'Антихолінергічні', 1),
    (8, 'Системного застосування', 2),(9, 'ГК місцевої дії (інгаляційні)', 2),
    (10, 'ГК місцевої дії (назальні)', 2),(11, 'ГК місцевої дії (зовнішні і кон"юктивальні форми)', 2),
    (12, 'ГК місцевої дії (кромони)', 2),
    (14, 'ГК місцевої дії (гепатопротектори)', 2),(15, 'ГК місцевої дії (пробіотики)', 2),
    (16, 'ГК місцевої дії (сорбенти)', 2), 
    (17, 'Фірма "Імунолог"', 3), (18, 'Фірма "Севафарма"', 3);
    
INSERT INTO medication_detail(medication_detail_id, 
			name, medication_medication_id)
    VALUES (1,'Мебгідролін (Діазолін)', 1),(2,'Хлоропірамін (Супрастін)', 1),(3, 'Диметидин (Феністил)', 1),
    (5,'Дифенгідрамін (Димедрол)', 1), (6,'Клемастин (Тавегіл)', 1), (7,'Хіфенадин (Фенкарол)', 1),
    (8,'Гідроксизин (Атаракс)', 1),(9,'Ципрогепдадин (Перитол)', 1),
    (10,'Лоратадин (Кларитин)', 2),(11, 'Цетиризин (Аналергін, Зіртек, Зодак, Аллертек)', 2),
    (12,'Акривастин (Семпрекс)', 2),(13,'Терфенадил (Трексил)', 2), (14, 'Ебастин (Елерт, Кестин)', 2),
    (15,'Астемізол (Гісманал)', 2),
    (16, 'Дезлоратадин (Еріус)', 3),(17,'Левоцетиризин (Ксизал, Алерон)', 3),(18,'Фексофенадин (Телфаст)', 3),
    (19, 'Кетотіфен', 4),(20, 'Кромогліцієва кислота', 4),
    (21, 'Монтелукаст', 5),(22,'Інші', 5),
    (23, 'Сальбутомол', 6),(24,'Формотерол', 6),(25, 'Сальметерол', 6),
    (26, 'Іпратропіум', 7),(27, 'Інші', 7),
    (28, 'Гідрокортизон', 8),(29, 'Преднізолон', 8),(30, 'Дексаметазон', 8),(31, 'Метил преднізолон', 8),(32, 'Інші', 8),
    (33, 'Бекламетазон', 9),(34, 'Будесоніт', 9),(35, 'Мометазон фуро ат', 9),(36, 'Флукатизон пропіонат', 9),(37, 'Інші', 9),
    (38, 'Бекламетазон', 10),(39,'Будесоніт', 10),(40, 'Мометазон фуро ат', 10),(41, 'Флукатизон пропіонат', 10),(42, 'Інші', 10),
    (43, 'Бекламетазон', 11),(44, 'Гідрокортизон', 11),(45, 'Дексаметазон', 11),(46, 'Клобетазол', 11),(47, 'Мометазон', 11),
    (48, 'Преднізолон', 11),(49, 'Тріамцінолон', 11),(50,'Флутиказон', 11),(51, 'Інші', 11),
    (52, 'Кромоглікат', 12),
    (53, 'Ант раль', 14),(54, 'Гепадиф', 14),(55, 'Лева сил', 14), (56, 'Гепабене', 14),(57, 'Інші', 14),
    (58, 'Біфі-форм', 15),(59, 'Лактомун', 15), (60, 'Ацидолак', 15),(61, 'Лаціум', 15),(62, 'Біо гая', 16),
    (63, 'Лактовіт', 15), (64, 'Інші', 15),
    (65, 'Мікотон', 16), (66, 'Атоксил', 16), (67, 'Мультисорб', 16), (68, 'Інші', 16),
    (69, 'Алергени пилкові', 17),(70, 'Алергени побутові', 17), (71, 'Алергени інсектні', 17),
    (72, 'Алергени з плісневих грибів', 18),(73, 'Алергени побутові', 18),(74, 'Алергени пилкові', 18);

INSERT INTO insertion(insertion_id, name)
    VALUES (1, 'Драже'), (2, 'Ін"єкції п\ш'), (3, 'Краплі'),(4, 'Суміш весняна рання'),
    (5, 'Суміш весняна пізня'),(6, 'Суміш осіння'),(7, 'Суміш трав 1'),(8, 'Суміш трав 2'),
    (9, 'Весняні дерева'),(10, 'Pollinare mixtum'),(11, 'per os'), (12,'в/м'), (13, 'в/в');    
--
-- Data for sequence treatment_type_sequence6
--
SELECT setval('treatment_type_sequence', 3, true);
--
-- Data for sequence medication_sequence
--
SELECT setval('medication_sequence', 18, true);
--
-- Data for sequence medication_detail_sequence
--
SELECT setval('medication_detail_sequence', 74, true);
--
-- Data for sequence public.insertion_sequence (OID = 177321)
--
SELECT pg_catalog.setval('insertion_sequence', 13, true);
# --- !Downs
--Drop alergic syndrome data from tables analysis, analysis_norm

DELETE FROM treatmenttype WHERE treatment_type_id BETWEEN 1 AND 3;

DELETE FROM medication WHERE medication_id BETWEEN 1 AND 18;

DELETE FROM medication_detail WHERE medication_detail_id BETWEEN 1 AND 74;

DELETE FROM insertion WHERE insertion_id BETWEEN 1 AND 13;